{"xy": [0.08148148148148149, 0.6691666666666667], "wh": [0.20833333333333331, 0.09375], "as_percentage": true}