{"xy": [0.08333333333333333, 0.6616666666666666], "wh": [0.22129629629629632, 0.10333333333333339], "as_percentage": true}