{"xy": [0.09814814814814815, 0.6733333333333333], "wh": [0.1907407407407407, 0.08416666666666661], "as_percentage": true}