{"xy": [0.07592592592592592, 0.80625], "wh": [0.23148148148148148, 0.10312500000000002], "as_percentage": true}