{"xy": [0.1814814814814815, 0.8552083333333333], "wh": [0.04629629629629628, 0.03645833333333337], "as_percentage": true}