{"xy": [0.08611111111111111, 0.6745833333333333], "wh": [0.20555555555555557, 0.0904166666666667], "as_percentage": true}