{"xy": [0.7388888888888889, 0.8572916666666667], "wh": [0.17962962962962958, 0.05625000000000002], "as_percentage": true}