{"xy": [0.08796296296296297, 0.6658333333333334], "wh": [0.22685185185185186, 0.09999999999999998], "as_percentage": true}