{"xy": [0.7055555555555556, 0.803125], "wh": [0.22777777777777775, 0.10416666666666674], "as_percentage": true}