{
  "xy": [
    0.7166666666666667,
    0.6758333333333333
  ],
  "wh": [
    0.23333333333333328,
    0.07500000000000007
  ],
  "as_percentage": true
}