{"xy": [0.7240740740740741, 0.6833333333333333], "wh": [0.22777777777777775, 0.07333333333333336], "as_percentage": true}