{"xy": [0.24814814814814815, 0.7677083333333333], "wh": [0.512962962962963, 0.07395833333333335], "as_percentage": true}