{"xy": [0.2518518518518518, 0.7302083333333333], "wh": [0.49074074074074076, 0.06354166666666661], "as_percentage": true}