{
  "xy": [
    0.21481481481481482,
    0.3308333333333333
  ],
  "wh": [
    0.43148148148148147,
    0.04916666666666669
  ],
  "as_percentage": true
}