{"xy": [0.2851851851851852, 0.3416666666666667], "wh": [0.3833333333333333, 0.040416666666666656], "as_percentage": true}